CIBench_project_name,GitHub_Owner,GitHub_Repo,Canonical_URL
adamfisk_LittleProxy,adamfisk,LittleProxy,https://github.com/adamfisk/LittleProxy
apache_drill,apache,drill,https://github.com/apache/drill
aws_aws-sdk-java,aws,aws-sdk-java,https://github.com/aws/aws-sdk-java
azagniotov_stubby4j,azagniotov,stubby4j,https://github.com/azagniotov/stubby4j
brettwooldridge_HikariCP,brettwooldridge,HikariCP,https://github.com/brettwooldridge/HikariCP
caelum_vraptor4,caelum,vraptor4,https://github.com/caelum/vraptor4
checkstyle_checkstyle,checkstyle,checkstyle,https://github.com/checkstyle/checkstyle
CloudifySource_cloudify,CloudifySource,cloudify,https://github.com/CloudifySource/cloudify
davidmoten_rxjava-jdbc,davidmoten,rxjava-jdbc,https://github.com/davidmoten/rxjava-jdbc
dianping_cat,dianping,cat,https://github.com/dianping/cat
doanduyhai_Achilles,doanduyhai,Achilles,https://github.com/doanduyhai/Achilles
dropwizard_dropwizard,dropwizard,dropwizard,https://github.com/dropwizard/dropwizard
dropwizard_metrics,dropwizard,metrics,https://github.com/dropwizard/metrics
DSpace_DSpace,DSpace,DSpace,https://github.com/DSpace/DSpace
dynjs_dynjs,dynjs,dynjs,https://github.com/dynjs/dynjs
FasterXML_jackson-core,FasterXML,jackson-core,https://github.com/FasterXML/jackson-core
FasterXML_jackson-databind,FasterXML,jackson-databind,https://github.com/FasterXML/jackson-databind
Findwise_Hydra,Findwise,Hydra,https://github.com/Findwise/Hydra
geoserver_geoserver,geoserver,geoserver,https://github.com/geoserver/geoserver
GlowstoneMC_Glowstone,GlowstoneMC,Glowstone,https://github.com/GlowstoneMC/Glowstone
go-lang-plugin-org_go-lang-idea-plugin,go-lang-plugin-org,go-lang-idea-plugin,https://github.com/go-lang-plugin-org/go-lang-idea-plugin
GoClipse_goclipse,GoClipse,goclipse,https://github.com/GoClipse/goclipse
GoogleCloudPlatform_DataflowJavaSDK,GoogleCloudPlatform,DataflowJavaSDK,https://github.com/GoogleCloudPlatform/DataflowJavaSDK
google_error-prone,google,error-prone,https://github.com/google/error-prone
google_truth,google,truth,https://github.com/google/truth
graphhopper_graphhopper,graphhopper,graphhopper,https://github.com/graphhopper/graphhopper
Graylog2_graylog2-server,Graylog2,graylog2-server,https://github.com/Graylog2/graylog2-server
HubSpot_jinjava,HubSpot,jinjava,https://github.com/HubSpot/jinjava
igniterealtime_Openfire,igniterealtime,Openfire,https://github.com/igniterealtime/Openfire
iipc_openwayback,iipc,openwayback,https://github.com/iipc/openwayback
iluwatar_java-design-patterns,iluwatar,java-design-patterns,https://github.com/iluwatar/java-design-patterns
jamesagnew_hapi-fhir,jamesagnew,hapi-fhir,https://github.com/jamesagnew/hapi-fhir
jayway_JsonPath,jayway,JsonPath,https://github.com/jayway/JsonPath
jberkel_sms-backup-plus,jberkel,sms-backup-plus,https://github.com/jberkel/sms-backup-plus
jcabi_jcabi-aspects,jcabi,jcabi-aspects,https://github.com/jcabi/jcabi-aspects
jcabi_jcabi-github,jcabi,jcabi-github,https://github.com/jcabi/jcabi-github
jcabi_jcabi-http,jcabi,jcabi-http,https://github.com/jcabi/jcabi-http
jmxtrans_jmxtrans,jmxtrans,jmxtrans,https://github.com/jmxtrans/jmxtrans
joelittlejohn_jsonschema2pojo,joelittlejohn,jsonschema2pojo,https://github.com/joelittlejohn/jsonschema2pojo
johncarl81_parceler,johncarl81,parceler,https://github.com/johncarl81/parceler
jOOQ_jOOQ,jOOQ,jOOQ,https://github.com/jOOQ/jOOQ
jsonld-java_jsonld-java,jsonld-java,jsonld-java,https://github.com/jsonld-java/jsonld-java
jsprit_jsprit,jsprit,jsprit,https://github.com/jsprit/jsprit
jtwig_jtwig,jtwig,jtwig,https://github.com/jtwig/jtwig
julianhyde_optiq,julianhyde,optiq,https://github.com/julianhyde/optiq
KronicDeth_intellij-elixir,KronicDeth,intellij-elixir,https://github.com/KronicDeth/intellij-elixir
l0rdn1kk0n_wicket-bootstrap,l0rdn1kk0n,wicket-bootstrap,https://github.com/l0rdn1kk0n/wicket-bootstrap
lemire_RoaringBitmap,lemire,RoaringBitmap,https://github.com/lemire/RoaringBitmap
lenskit_lenskit,lenskit,lenskit,https://github.com/lenskit/lenskit
maxcom_lorsource,maxcom,lorsource,https://github.com/maxcom/lorsource
mybatis_mybatis-3,mybatis,mybatis-3,https://github.com/mybatis/mybatis-3
myui_hivemall,myui,hivemall,https://github.com/myui/hivemall
naver_pinpoint,naver,pinpoint,https://github.com/naver/pinpoint
neuland_jade4j,neuland,jade4j,https://github.com/neuland/jade4j
nutzam_nutz,nutzam,nutz,https://github.com/nutzam/nutz
ocpsoft_rewrite,ocpsoft,rewrite,https://github.com/ocpsoft/rewrite
OpenGrok_OpenGrok,OpenGrok,OpenGrok,https://github.com/OpenGrok/OpenGrok
orbeon_orbeon-forms,orbeon,orbeon-forms,https://github.com/orbeon/orbeon-forms
owlcs_owlapi,owlcs,owlapi,https://github.com/owlcs/owlapi
p6spy_p6spy,p6spy,p6spy,https://github.com/p6spy/p6spy
perwendel_spark,perwendel,spark,https://github.com/perwendel/spark
protostuff_protostuff,protostuff,protostuff,https://github.com/protostuff/protostuff
psi-probe_psi-probe,psi-probe,psi-probe,https://github.com/psi-probe/psi-probe
qos-ch_logback,qos-ch,logback,https://github.com/qos-ch/logback
rackerlabs_blueflood,rackerlabs,blueflood,https://github.com/rackerlabs/blueflood
rails_rails,rails,rails,https://github.com/rails/rails
recruit-tech_redpen,recruit-tech,redpen,https://github.com/recruit-tech/redpen
relayrides_pushy,relayrides,pushy,https://github.com/relayrides/pushy
rspec_rspec-core,rspec,rspec-core,https://github.com/rspec/rspec-core
rspec_rspec-expectations,rspec,rspec-expectations,https://github.com/rspec/rspec-expectations
rspec_rspec-mocks,rspec,rspec-mocks,https://github.com/rspec/rspec-mocks
sachin-handiekar_jInstagram,sachin-handiekar,jInstagram,https://github.com/sachin-handiekar/jInstagram
scobal_seyren,scobal,seyren,https://github.com/scobal/seyren
searchbox-io_Jest,searchbox-io,Jest,https://github.com/searchbox-io/Jest
selendroid_selendroid,selendroid,selendroid,https://github.com/selendroid/selendroid
simpligility_android-maven-plugin,simpligility,android-maven-plugin,https://github.com/simpligility/android-maven-plugin
SoftInstigate_restheart,SoftInstigate,restheart,https://github.com/SoftInstigate/restheart
SomMeri_less4j,SomMeri,less4j,https://github.com/SomMeri/less4j
SonarSource_sonarqube,SonarSource,sonarqube,https://github.com/SonarSource/sonarqube
spring-cloud_spring-cloud-config,spring-cloud,spring-cloud-config,https://github.com/spring-cloud/spring-cloud-config
springside_springside4,springside,springside4,https://github.com/springside/springside4
square_dagger,square,dagger,https://github.com/square/dagger
square_keywhiz,square,keywhiz,https://github.com/square/keywhiz
square_okhttp,square,okhttp,https://github.com/square/okhttp
square_picasso,square,picasso,https://github.com/square/picasso
square_retrofit,square,retrofit,https://github.com/square/retrofit
square_wire,square,wire,https://github.com/square/wire
tananaev_traccar,tananaev,traccar,https://github.com/tananaev/traccar
teamed_qulice,teamed,qulice,https://github.com/teamed/qulice
thinkaurelius_titan,thinkaurelius,titan,https://github.com/thinkaurelius/titan
threerings_playn,threerings,playn,https://github.com/threerings/playn
tinkerpop_blueprints,tinkerpop,blueprints,https://github.com/tinkerpop/blueprints
tinkerpop_rexster,tinkerpop,rexster,https://github.com/tinkerpop/rexster
torakiki_pdfsam,torakiki,pdfsam,https://github.com/torakiki/pdfsam
twilio_twilio-java,twilio,twilio-java,https://github.com/twilio/twilio-java
undera_jmeter-plugins,undera,jmeter-plugins,https://github.com/undera/jmeter-plugins
weld_core,weld,core,https://github.com/weld/core
xetorthio_jedis,xetorthio,jedis,https://github.com/xetorthio/jedis
yegor256_rultor,yegor256,rultor,https://github.com/yegor256/rultor
zxing_zxing,zxing,zxing,https://github.com/zxing/zxing
