project,repository_URL,Java_status,approximate_project_age_evidence,commit_count_available,test-log/build_availability,unit-test_evidence_approx,failing_builds_in_sample,eligible_for_E11,exclusion_reason
Achilles,https://github.com/unknown/Achilles,Java,Unknown (Requires full git clone),457,321,3318,2,True,Pass
android-maven-plugin,https://github.com/unknown/android-maven-plugin,Java,Unknown (Requires full git clone),557,482,122,8,True,Pass
aws-sdk-java,https://github.com/unknown/aws-sdk-java,Java,Unknown (Requires full git clone),267,227,1644,4,True,Pass
blueflood,https://github.com/unknown/blueflood,Java,Unknown (Requires full git clone),1471,901,1148,3,True,Pass
blueprints,https://github.com/unknown/blueprints,Java,Unknown (Requires full git clone),589,461,1221,5,True,Pass
cat,https://github.com/unknown/cat,Java,Unknown (Requires full git clone),1235,779,4548,48,True,Pass
checkstyle,https://github.com/unknown/checkstyle,Java,Unknown (Requires full git clone),1684,1406,10728,0,True,Pass
cloudify,https://github.com/unknown/cloudify,Java,Unknown (Requires full git clone),7512,4810,72,0,True,Pass
core,https://github.com/unknown/core,Java,Unknown (Requires full git clone),2708,441,506,4,True,Pass
dagger,https://github.com/unknown/dagger,Java,Unknown (Requires full git clone),471,408,186,2,True,Pass
DataflowJavaSDK,https://github.com/unknown/DataflowJavaSDK,Java,Unknown (Requires full git clone),1475,416,13777,4,True,Pass
drill,https://github.com/unknown/drill,Java,Unknown (Requires full git clone),557,263,1588,4,True,Pass
dropwizard,https://github.com/unknown/dropwizard,Java,Unknown (Requires full git clone),1754,1336,3672,1,True,Pass
DSpace,https://github.com/unknown/DSpace,Java,Unknown (Requires full git clone),2195,1630,1353,2,True,Pass
dynjs,https://github.com/unknown/dynjs,Java,Unknown (Requires full git clone),435,331,1664,2,True,Pass
error-prone,https://github.com/unknown/error-prone,Java,Unknown (Requires full git clone),750,220,1382,1,True,Pass
geoserver,https://github.com/unknown/geoserver,Java,Unknown (Requires full git clone),2564,2183,9042,12,True,Pass
Glowstone,https://github.com/unknown/Glowstone,Java,Unknown (Requires full git clone),709,227,908,0,True,Pass
go-lang-idea-plugin,https://github.com/unknown/go-lang-idea-plugin,Java,Unknown (Requires full git clone),1151,801,444,1,True,Pass
goclipse,https://github.com/unknown/goclipse,Java,Unknown (Requires full git clone),638,288,40,2,True,Pass
graphhopper,https://github.com/unknown/graphhopper,Java,Unknown (Requires full git clone),2034,1291,3630,2,True,Pass
graylog2-server,https://github.com/unknown/graylog2-server,Java,Unknown (Requires full git clone),3037,2110,780,1,True,Pass
hapi-fhir,https://github.com/unknown/hapi-fhir,Java,Unknown (Requires full git clone),803,613,2774,36,True,Pass
HikariCP,https://github.com/unknown/HikariCP,Java,Unknown (Requires full git clone),495,327,183,2,True,Pass
hivemall,https://github.com/unknown/hivemall,Java,Unknown (Requires full git clone),383,247,728,9,True,Pass
Hydra,https://github.com/unknown/Hydra,Java,Unknown (Requires full git clone),353,215,735,2,True,Pass
intellij-elixir,https://github.com/unknown/intellij-elixir,Java,Unknown (Requires full git clone),399,201,344,44,True,Pass
jackson-core,https://github.com/unknown/jackson-core,Java,Unknown (Requires full git clone),511,441,506,4,True,Pass
jackson-databind,https://github.com/unknown/jackson-databind,Java,Unknown (Requires full git clone),1196,1046,6112,4,True,Pass
jade4j,https://github.com/unknown/jade4j,Java,Unknown (Requires full git clone),298,264,964,1,True,Pass
java-design-patterns,https://github.com/unknown/java-design-patterns,Java,Unknown (Requires full git clone),1148,851,8438,2,True,Pass
jcabi-aspects,https://github.com/unknown/jcabi-aspects,Java,Unknown (Requires full git clone),555,471,237,16,True,Pass
jcabi-github,https://github.com/unknown/jcabi-github,Java,Unknown (Requires full git clone),910,694,2169,19,True,Pass
jcabi-http,https://github.com/unknown/jcabi-http,Java,Unknown (Requires full git clone),523,401,276,9,True,Pass
jedis,https://github.com/unknown/jedis,Java,Unknown (Requires full git clone),559,479,1868,7,True,Pass
Jest,https://github.com/unknown/Jest,Java,Unknown (Requires full git clone),575,449,259,5,True,Pass
jinjava,https://github.com/unknown/jinjava,Java,Unknown (Requires full git clone),307,271,1680,0,True,Pass
jInstagram,https://github.com/unknown/jInstagram,Java,Unknown (Requires full git clone),257,237,222,0,True,Pass
jmeter-plugins,https://github.com/unknown/jmeter-plugins,Java,Unknown (Requires full git clone),859,499,3248,10,True,Pass
jmxtrans,https://github.com/unknown/jmxtrans,Java,Unknown (Requires full git clone),576,466,1018,1,True,Pass
jOOQ,https://github.com/unknown/jOOQ,Java,Unknown (Requires full git clone),1397,1200,688,0,True,Pass
jsonld-java,https://github.com/unknown/jsonld-java,Java,Unknown (Requires full git clone),370,227,1650,5,True,Pass
JsonPath,https://github.com/unknown/JsonPath,Java,Unknown (Requires full git clone),343,286,210,1,True,Pass
jsonschema2pojo,https://github.com/unknown/jsonschema2pojo,Java,Unknown (Requires full git clone),391,355,622,0,True,Pass
jsprit,https://github.com/unknown/jsprit,Java,Unknown (Requires full git clone),251,216,4384,0,True,Pass
jtwig,https://github.com/unknown/jtwig,Java,Unknown (Requires full git clone),268,264,249,0,True,Pass
keywhiz,https://github.com/unknown/keywhiz,Java,Unknown (Requires full git clone),431,333,463,0,True,Pass
lenskit,https://github.com/unknown/lenskit,Java,Unknown (Requires full git clone),1584,619,1414,0,True,Pass
less4j,https://github.com/unknown/less4j,Java,Unknown (Requires full git clone),890,743,365,1,True,Pass
LittleProxy,https://github.com/unknown/LittleProxy,Java,Unknown (Requires full git clone),437,338,97,11,True,Pass
logback,https://github.com/unknown/logback,Java,Unknown (Requires full git clone),242,213,1039,30,True,Pass
lorsource,https://github.com/unknown/lorsource,Java,Unknown (Requires full git clone),2107,1700,470,1,True,Pass
metrics,https://github.com/unknown/metrics,Java,Unknown (Requires full git clone),506,433,816,4,True,Pass
mybatis-3,https://github.com/unknown/mybatis-3,Java,Unknown (Requires full git clone),1762,613,6805,2,True,Pass
nutz,https://github.com/unknown/nutz,Java,Unknown (Requires full git clone),1221,1124,16672,22,True,Pass
okhttp,https://github.com/unknown/okhttp,Java,Unknown (Requires full git clone),1557,1518,2432,27,True,Pass
Openfire,https://github.com/unknown/Openfire,Java,Unknown (Requires full git clone),923,831,99,0,True,Pass
OpenGrok,https://github.com/unknown/OpenGrok,Java,Unknown (Requires full git clone),397,328,262,0,True,Pass
openwayback,https://github.com/unknown/openwayback,Java,Unknown (Requires full git clone),360,245,286,0,True,Pass
optiq,https://github.com/unknown/optiq,Java,Unknown (Requires full git clone),767,513,2458,6,True,Pass
orbeon-forms,https://github.com/unknown/orbeon-forms,Java,Unknown (Requires full git clone),4648,2164,671,0,True,Pass
owlapi,https://github.com/unknown/owlapi,Java,Unknown (Requires full git clone),412,291,8685,2,True,Pass
p6spy,https://github.com/unknown/p6spy,Java,Unknown (Requires full git clone),459,389,258,18,True,Pass
parceler,https://github.com/unknown/parceler,Java,Unknown (Requires full git clone),364,305,231,0,True,Pass
pdfsam,https://github.com/unknown/pdfsam,Java,Unknown (Requires full git clone),584,404,395,16,True,Pass
picasso,https://github.com/unknown/picasso,Java,Unknown (Requires full git clone),333,320,740,2,True,Pass
pinpoint,https://github.com/unknown/pinpoint,Java,Unknown (Requires full git clone),1316,1258,1808,5,True,Pass
playn,https://github.com/unknown/playn,Java,Unknown (Requires full git clone),775,304,492,6,True,Pass
protostuff,https://github.com/unknown/protostuff,Java,Unknown (Requires full git clone),276,212,1393,0,True,Pass
psi-probe,https://github.com/unknown/psi-probe,Java,Unknown (Requires full git clone),794,268,280,2,True,Pass
pushy,https://github.com/unknown/pushy,Java,Unknown (Requires full git clone),561,462,324,0,True,Pass
qulice,https://github.com/unknown/qulice,Java,Unknown (Requires full git clone),861,620,302,1,True,Pass
rails,https://github.com/unknown/rails,Java,Unknown (Requires full git clone),17717,14115,59509,50,True,Pass
redpen,https://github.com/unknown/redpen,Java,Unknown (Requires full git clone),651,544,798,1,True,Pass
restheart,https://github.com/unknown/restheart,Java,Unknown (Requires full git clone),387,224,37,3,True,Pass
retrofit,https://github.com/unknown/retrofit,Java,Unknown (Requires full git clone),955,875,216,0,True,Pass
rewrite,https://github.com/unknown/rewrite,Java,Unknown (Requires full git clone),273,212,6213,50,True,Pass
rexster,https://github.com/unknown/rexster,Java,Unknown (Requires full git clone),445,377,1032,0,True,Pass
RoaringBitmap,https://github.com/unknown/RoaringBitmap,Java,Unknown (Requires full git clone),316,256,522,0,True,Pass
rspec-core,https://github.com/unknown/rspec-core,Java,Unknown (Requires full git clone),3092,1864,10277,5,True,Pass
rspec-expectations,https://github.com/unknown/rspec-expectations,Java,Unknown (Requires full git clone),1253,882,17088,13,True,Pass
rspec-mocks,https://github.com/unknown/rspec-mocks,Java,Unknown (Requires full git clone),1601,1099,11850,0,True,Pass
rultor,https://github.com/unknown/rultor,Java,Unknown (Requires full git clone),1618,1364,352,3,True,Pass
rxjava-jdbc,https://github.com/unknown/rxjava-jdbc,Java,Unknown (Requires full git clone),216,209,1203,0,True,Pass
selendroid,https://github.com/unknown/selendroid,Java,Unknown (Requires full git clone),647,543,57,11,True,Pass
seyren,https://github.com/unknown/seyren,Java,Unknown (Requires full git clone),344,298,89,2,True,Pass
sms-backup-plus,https://github.com/unknown/sms-backup-plus,Java,Unknown (Requires full git clone),446,261,160,0,True,Pass
sonarqube,https://github.com/unknown/sonarqube,Java,Unknown (Requires full git clone),5615,3163,9580,5,True,Pass
spark,https://github.com/unknown/spark,Java,Unknown (Requires full git clone),405,340,68,7,True,Pass
spring-cloud-config,https://github.com/unknown/spring-cloud-config,Java,Unknown (Requires full git clone),452,332,114,2,True,Pass
springside4,https://github.com/unknown/springside4,Java,Unknown (Requires full git clone),319,233,402,14,True,Pass
stubby4j,https://github.com/unknown/stubby4j,Java,Unknown (Requires full git clone),1070,731,78,0,True,Pass
titan,https://github.com/unknown/titan,Java,Unknown (Requires full git clone),383,241,1116,21,True,Pass
traccar,https://github.com/unknown/traccar,Java,Unknown (Requires full git clone),1833,1726,132,0,True,Pass
truth,https://github.com/unknown/truth,Java,Unknown (Requires full git clone),464,214,924,0,True,Pass
twilio-java,https://github.com/unknown/twilio-java,Java,Unknown (Requires full git clone),352,257,83,3,True,Pass
vraptor4,https://github.com/unknown/vraptor4,Java,Unknown (Requires full git clone),1915,1443,790,0,True,Pass
wicket-bootstrap,https://github.com/unknown/wicket-bootstrap,Java,Unknown (Requires full git clone),823,623,366,28,True,Pass
wire,https://github.com/unknown/wire,Java,Unknown (Requires full git clone),700,678,590,0,True,Pass
zxing,https://github.com/unknown/zxing,Java,Unknown (Requires full git clone),2092,395,944,0,True,Pass
