project,commit_hash,status,timestamp,is_duplicate_in_dataset
okhttp.csv,8fa796e175e7d855feb15d368cbfd645223a0af0,MATCH,1466871160,False
okhttp.csv,8e45865c13c21a5ad75a9a7ce3eb3452e3f12c1d,MATCH,1388966532,False
okhttp.csv,8858ca8aba466201a49a169060376ddc5534118f,MATCH,1393178845,False
okhttp.csv,cb7de5bb40a506700565b9732e1574ce9161b442,MATCH,1395362849,False
okhttp.csv,b27c5921c8543823651daed3d4bb1ca6d40028e7,MATCH,1456501261,False
okhttp.csv,8d51e740d77c6c80b9074162f8f0f6bd43bd37d3,MATCH,1467471404,False
okhttp.csv,4e1dd18f07a41b46fc3be4b564833118a3c965b3,MATCH,1357515212,False
okhttp.csv,8fa4242d02c55ee30d40fac65881d0b60e9151fa,MATCH,1394041170,False
okhttp.csv,20929e3f07e30258ba7eeebafa51d5091fb35d2f,MATCH,1414856324,False
okhttp.csv,84184afdb26b42ff615896f9c0161157cc84ec73,MATCH,1393197238,False
picasso.csv,ba2c6acf059fe08f991c299dd7bfa23e888152cf,MISSING,N/A,False
picasso.csv,7f2e01b06db111295a2a6f593a0339a7050b9deb,MATCH,1459270382,False
picasso.csv,91311cb30ddfcee1906c866c681e1644714bb065,MATCH,1393785421,False
picasso.csv,e706cf096ec0fd659d3cddb06046859ca71f2287,MATCH,1415138373,False
picasso.csv,d066c11745cab726d6ab9d4e2293455b9f6e1c51,MATCH,1392138535,False
picasso.csv,bc6af7a755a30e98be4cf57cb77f36809ddb92ba,MATCH,1453828363,False
picasso.csv,beb6bebea836deb6d2e6aabf9497b1fd1551d38d,MATCH,1432131726,False
picasso.csv,a6daca573824c01a368c6d4fbf47c94d9602a884,MATCH,1414171659,False
picasso.csv,08fb95375c30d31a449b7e59d3780c019ea6bf50,MATCH,1417601839,False
picasso.csv,aa1a9b497407ff33e2600047198b10176a667423,MATCH,1415141198,False
