issue_id,problem,fixed,evidence,document,remaining_risk,blocking
1,stale documentation,YES,document_status_inventory maps active vs obsolete,E11_CURRENT_RESEARCH_STATE.md,None,NO
2,novelty overclaim,YES,Removed 'first' and 'zero threat' claims,e11_novelty_claim.md,None,NO
3,prior-art completeness,YES,Systematic cross-check with RTS/PTS literature,e11_prior_art_reaudit.md,None,NO
4,baseline mismatch,YES,Declared Option B reduced baseline; stripped CodeBERT,e11_baseline_fidelity_audit.md,None,NO
5,observation-unit ambiguity,YES,Defined exact x(d;t) and y(d;t) pair,e11_observation_unit_spec.md,None,NO
6,candidate-test-universe ambiguity,YES,Defined as all executed tests in CIBench build,e11_observation_unit_spec.md,None,NO
7,ground-truth ambiguity,YES,Formal math definitions for estimands,e11_outcome_estimands.md,None,NO
8,REF_ONLY/REF_MIXED ambiguity,YES,Defined AST diff check protocol,e11_refactoring_label_protocol.md,Manual validation required,NO
9,refactoring taxonomy validity,YES,Superseded abstract taxonomy with exposure matrix,e11_refactoring_pts_exposure_matrix.csv,None,NO
10,representation exposure,YES,Separated direct from indirect exposure,e11_refactoring_pts_exposure_matrix.csv,None,NO
11,RQ alignment,YES,Aligned RQ1-3 with exposure logic,E11_FINAL_RESEARCH_DESIGN.md,None,NO
12,hypothesis alignment,YES,Updated hypotheses to match new RQs,E11_FINAL_RESEARCH_DESIGN.md,None,NO
13,estimand definition,YES,Created ATE mapping matrix,e11_rq_estimand_matrix.csv,None,NO
14,confounding,YES,Defined DAG and mixed-effects strategy,e11_identification_dag.md,None,NO
15,temporal leakage,YES,Defined strict before-commit boundary,e11_temporal_leakage_protocol.md,None,NO
16,flaky tests,YES,Protocol established to use first run/filter known flakes,E11_FINAL_RESEARCH_DESIGN.md,None,NO
17,duplicate builds/jobs,YES,Protocol established to use first outcome,E11_FINAL_RESEARCH_DESIGN.md,None,NO
18,CIBench provenance,YES,Separated published facts from measured facts,e11_cibench_provenance.md,Download blocked by Zenodo API,YES
19,sample eligibility,YES,Gate established for power calculation,E11_FINAL_RESEARCH_DESIGN.md,None,NO
20,power,YES,Removed Gson pilot power claims,E11_FINAL_RESEARCH_DESIGN.md,Empirical measurement needed,YES
21,RQ3 intervention,YES,Explicitly defined feature injection mechanism,e11_rq3_final_intervention_spec.md,None,NO
22,operating point,YES,Defined training calibration policy,E11_FINAL_RESEARCH_DESIGN.md,None,NO
23,statistical model,YES,Declared Hierarchical Mixed-Effects Logistic Regression,E11_FINAL_RESEARCH_DESIGN.md,None,NO
24,RQ4 scope,YES,Moved to EXPLORATORY ANALYSIS,E11_FINAL_RESEARCH_DESIGN.md,None,NO
