candidate_id,research_area,existing_system,claimed_advantage,prior_evaluation_conditions,untested_condition,research_question,hypothesis,why_it_matters,implementation,dataset,baselines,metrics,independent_variables,controlled_variables,compute_requirement,experiment_complexity,main_risk,supporting_papers,contradictory_papers,gap_confidence,prior_art_status
E01,Computer Networks,BBRv3 TCP,High throughput and low delay,Deep buffers or pure BBR deployments,Mixed BBR/Cubic flows on shallow-buffered edge switches,How does BBRv3 interact with high-burst Loss-Based TCP on shallow buffers?,BBRv3 will destructively synchronize with Cubic window reduction and systematically underestimate bottleneck bandwidth.,Critical for datacenter edge deployments where shallow ToR switches are common.,Linux Kernel / ns-3,iperf3 workloads,Cubic / Reno,Throughput / Tail Latency / Fairness Index,Buffer size / Flow composition,Link capacity / RTT,Low,Medium,Network stack tuning complexity,N/A,N/A,High,SURVIVES
E02,Vector Databases,Product Quantization (FAISS),High recall with minimal memory,Static datasets or IID insertions,Incremental insertion of out-of-distribution (concept drift) vectors without codebook retraining,How resilient are fixed PQ codebooks to semantic concept drift?,Fixed centroids will map out-of-domain vectors to overlapping sub-spaces causing silent catastrophic recall failure.,RAG systems update daily; retraining indices is expensive. Silent failure is dangerous.,FAISS / DiskANN,SQuAD to MSMARCO drift,HNSW / Flat,Recall@10 / QPS,Percentage of OOD vectors,Codebook size / dataset size,Low,Low,Drift might not be severe enough,N/A,N/A,High,SURVIVES
E03,Software Testing,AFL++,Finds memory safety bugs,Standard C/C++ parsers and binaries,Fuzzing stateful memory allocators for deterministic fragmentation,Can coverage-guided fuzzers induce unbounded deterministic fragmentation in modern allocators?,Fuzzers will find allocation interleavings that cause pathological fragmentation and OOM.,Exposes a new class of DoS vulnerability in allocators (jemalloc/tcmalloc).,AFL++,jemalloc / tcmalloc,LibFuzzer,Fragmentation ratio / Peak RSS,Allocation patterns,Thread count / object size,Medium,Medium,Fuzzer might just plateau,N/A,N/A,Medium,SURVIVES
E04,Cybersecurity,ETA (Encrypted Traffic Analysis) NIDS,High accuracy on encrypted flows,Clean standard captures (CICIDS2017),Artificial injection of 5-10% packet delay jitter and MTU padding,How brittle are DL-based ETA models to simple flow obfuscation?,Accuracy will collapse to random guessing because models overfit to exact timing/length artifacts.,Attackers can easily evade ML-NIDS using trivial padding/delay.,Kitsune / Zeek,CICIDS2017 / UNSW-NB15,Random Forest / DNN,F1-Score / Precision / Recall,Jitter % / Padding bytes,Network topology,Medium,Low,Obfuscation might be easily filtered,N/A,N/A,High,SURVIVES
E05,Distributed Systems,Serverless DBs (Neon/Aurora),Seamless scaling and compute/storage decoupling,Sustained loads or predictable scaling,Thundering herd micro-bursts of un-cached reads alternating with idle periods,What is the tail latency penalty of compute/storage decoupling under micro-bursts?,Page cache invalidation and cold-fetch will cause non-linear P99 degradation compared to monolithic DBs.,Serverless DBs are often used for unpredictable bursty web workloads.,Neon (open source),YCSB / TPC-C,PostgreSQL (monolithic),P99 Latency / Cache Hit Rate,Burst intensity / Idle duration,Dataset size / compute tier,High,High,Requires complex distributed setup,N/A,N/A,High,SURVIVES
E06,Recommender Systems,Two-Tower Retrieval Models,Efficient candidate generation,Standard user-item historical matrices,High-velocity cold-start flooding (10k new items per hour),Does Two-Tower retrieval exhibit systemic popularity bias against bursty new content?,Two-tower models will systematically rank flooded items lower until fine-tuned due to heuristic embedding initialization.,News and social media rely on instant surfacing of new content.,TensorFlow Recommenders,MIND (News),Content-based filtering,NDCG@10 / Item Coverage,New item injection rate,Model architecture,High,Medium,Heuristics might perform adequately,N/A,N/A,Medium,SURVIVES
E07,Edge Computing,FedProx / FedAvg,Robust to non-IID spatial data,Static label skew (Dirichlet distribution),Bimodal temporal shift (distributions flipping every N rounds),Can FL models converge under periodic bimodal temporal shifts?,Periodic shifts will cause continuous oscillation between suboptimal states without convergence.,IoT devices (e.g. cameras) experience severe day/night data shifts.,Flower / PySyft,FEMNIST / CIFAR-10,FedProx / Scaffold,Global Accuracy / Convergence Rate,Shift frequency (N rounds),Number of clients / Epochs,Medium,Low,FedProx might dampen oscillation,N/A,N/A,High,SURVIVES
E08,ML Systems,Async Checkpointing (PyTorch),Low training overhead,Standard training loops,Training under extreme PCIe bandwidth contention (ZeRO-Infinity offloading),How does async checkpointing interact with CPU-offloaded optimizer states over PCIe?,Overlapping PCIe transfers will cause massive GPU starvation and negate async benefits.,Large model training relies heavily on both ZeRO offloading and frequent checkpointing.,PyTorch / DeepSpeed,LLaMA-7B subset,Sync Checkpointing,Throughput (TFLOPS) / Idle Time,Offload enabled/disabled,Batch size / Model size,High,High,Requires multi-GPU setup,N/A,N/A,High,SURVIVES
E09,Privacy-Preserving ML,DP-SGD,Bounded privacy with acceptable utility,Average utility degradation,Evaluation on extreme minority classes (<0.1% of dataset),What is the disparate impact of DP-SGD clipping on extreme minority classes?,Gradient clipping will disproportionately erase sparse updates from extreme minorities causing recall to collapse to zero.,Privacy guarantees should not come at the cost of complete failure for marginalized groups.,Opacus (PyTorch),CelebA / UTKFace,Standard SGD,Class-wise Recall / F1,Clipping norm / Epsilon budget,Batch size / learning rate,Medium,Low,Minority class might still survive,N/A,N/A,High,SURVIVES
E10,Database Systems,Updatable Learned Indexes (ALEX),Faster lookups and smaller size,Random inserts or standard Zipfian,Continuous adversarial sequential insertions at the CDF boundary,How do updatable learned indexes perform under adversarial boundary insertions?,Repeated linear regression retraining at the boundary will cause catastrophic latency spikes.,DB indexes must survive worst-case pathological workloads.,ALEX (C++),SOSD,B-Tree (Bw-Tree),Insertion Latency (P99),Insertion pattern (random vs boundary),Payload size,Low,Medium,ALEX might adapt quickly,N/A,N/A,Medium,SURVIVES
E11,Software Testing,Predictive Test Selection (PTS),Saves 50% CI compute time,General commit history,Strict evaluation on structural refactoring vs feature commits,Do PTS models exhibit dangerously high false-negative rates on refactoring commits?,Overfitting to file-path features will cause PTS to skip failing tests during structural refactorings.,A false negative in PTS means a broken build is merged to main.,Facebook PTS / OpenPTS,Defects4J,Retest-All,False Negative Rate / Time Saved,Commit type (Refactor vs Feature),Test suite size,Low,Medium,Requires complex commit parsing,N/A,N/A,High,SURVIVES
E12,Systems / Hardware,CXL Memory Expansion,Transparent memory capacity,Sequential or standard workloads,NUMA-aware multi-threaded graph processing (PageRank) spilling 20% to CXL,What is the performance penalty of CXL spilling for random-access graph workloads?,Lack of hardware prefetching and bus latency will cause >50% degradation compared to local NUMA spilling.,CXL is marketed for database and graph analytics expansion.,Gem5 / Real CXL hardware,Graph500,Local NUMA spilling,Execution Time / Cache Misses,Spill percentage (0-50%),Thread count,High,High,Requires specific CXL hardware/sim,N/A,N/A,Medium,SURVIVES
