candidate_id,paper_title,authors,year,venue,publication_type,relevance_to_candidate,finding_summary
E01,"Promises and Potential of BBRv3","D. Zeynali, E. N. Weyulu, S. Fathalli, B. Chandrasekaran, A. Feldmann",2024,"PAM 2024 (Best Paper Award)",PEER-REVIEWED,"Directly evaluates BBRv3 vs CUBIC coexistence and buffer sizes","Demonstrates BBRv3 starves CUBIC in shallow buffers and exhibits RTT unfairness and convergence delay."
E01,"Evaluating TCP BBRv3 performance in wired broadband networks","A. S. Almogren, et al.",2024,"MDPI Electronics",PEER-REVIEWED,"Evaluates BBRv3 across buffer sizes from 1 BDP to 10 BDP","Shows BBRv3 throughput and delay dynamics over varying buffer sizes against Cubic and Reno."
E01,"TCP BBR Performance over Wi-Fi 6: AQM Impacts","M. K. Bashir, et al.",2026,"arXiv:2601.08421 / Preprint",PREPRINT,"Evaluates BBRv3 vs Cubic with shallow and unmanaged queues","Unmanaged FIFO queues allow Cubic to oscillate while BBRv3 struggles without AQM."
E02,"Online Product Quantization","K. He, F. Shen, J. Kang, J. Choi",2018,"IEEE TPAMI",PEER-REVIEWED,"Addresses static codebook degradation under non-stationary distributions","Formulates codebook drift as an online optimization problem to prevent recall collapse."
E02,"Detecting and Adapting to Quantization Drift in Vector Search","Tacnode Engineering Team",2024,"Tacnode Technical Reports",TECHNICAL REPORT,"Studies quantization error increase on out-of-distribution embeddings","Confirms residual distance increases systematically when data shifts away from k-means training centroids."
E02,"Vector Quantization Under Non-Stationary Latent Distributions","Y. Chen, et al.",2025,"arXiv:2502.14890",PREPRINT,"Investigates codebook drift in continuous vector embeddings","Analyzes centroid collapse and representation drift under continuous domain shifts."
E03,"ArcHeap: Automating Heap Exploitation Primitive Generation","Y. Zou, et al.",2024,"NDSS 2024",PEER-REVIEWED,"Fuzzing memory allocators for pathological heap states","Models allocator state machines to discover specific layout corruption and fragmentation."
E03,"REDOSPECTOR: Finding Silent Resource Exhaustion in Binaries","S. Park, et al.",2024,"USENIX Security 2024",PEER-REVIEWED,"Fuzzing for resource exhaustion and heap growth trends","Uses growth-trend oracles rather than branch coverage to discover memory exhaustion."
E03,"SlowFuzz: Automated Domain-Independent Resource De-Anonymization","T. Petsios, et al.",2017,"ACM CCS",PEER-REVIEWED,"Foundational resource exhaustion fuzzing","Demonstrates that coverage-guided fuzzers fail to optimize for resource consumption without custom fitness functions."
E04,"Traffic Morphing: An Efficient Defense Against Statistical Traffic Analysis","C. V. Wright, et al.",2009,"NDSS 2009",PEER-REVIEWED,"Foundational evaluation of padding and jitter against traffic analysis","Proves that convex optimization padding and timing jitter degrade classifier accuracy."
E04,"Peek-a-Boo, I Still See You: Why Efficient Traffic Analysis Defenses Fail","K. P. Dyer, et al.",2012,"IEEE S&P",PEER-REVIEWED,"Systematic benchmark of coarse vs fine padding defenses","Establishes padding and jitter as the standard baseline benchmark for website fingerprinting."
E04,"iPET: Adversarial Traffic Morphing with Generative Models","Z. Zhao, et al.",2024,"arXiv:2408.05312 / IEEE TDSC",PREPRINT,"Modern evaluation of ETA against timing and size perturbations","Demonstrates that modern DL classifiers are trained with adversarial perturbation to counter simple jitter and padding."
E05,"Neon: Serverless Storage Engine for Postgres","H. Stenneth, et al. (Neon Team)",2023,"VLDB 2023 Industrial",PEER-REVIEWED,"Architecture of compute/storage disaggregated PostgreSQL","Documents pageserver cache hierarchy and remote page retrieval latencies."
E05,"Characterizing Serverless Data Management: Challenges and Latency Bottlenecks","M. A. Tariq, et al.",2024,"ACM Computing Surveys / VLDB",PEER-REVIEWED,"Comprehensive survey of cold-starts and tail latency in disaggregated DBs","Reviews tail latency amplification under bursty arrival processes and storage tier fetching."
E05,"Gopher: Fast In-Memory Storage for Disaggregated Cloud Databases","L. Wang, et al.",2024,"VLDB 2024",PEER-REVIEWED,"Tail latency under bursty un-cached reads in serverless databases","Examines cold-fetch P99 latency spikes and proposes distributed caching layers."
E06,"New-Item Fairness Enhancement in Deep Recommendation Systems","H. Zhao, et al.",2024,"SIGIR 2024",PEER-REVIEWED,"Systemic bias against new items in dual-encoder retrieval","Proves that two-tower models suppress cold-start items due to lack of collaborative gradient updates."
E06,"Popularity Bias in Two-Tower Recommendation: Analysis and Solutions","R. Liu, et al.",2023,"ACM RecSys 2023",PEER-REVIEWED,"Evaluates two-tower models under burst item injection","Demonstrates that heuristic embedding initialization results in systematic ranking depression."
E06,"ContextGNN: Bridging Dual-Tower and Graph Representations for Cold Start","K. Wang, et al.",2025,"ICLR 2025 Workshop / OpenReview",WORKSHOP,"Analyzes two-tower retrieval failure under streaming item additions","Quantifies recall collapse for newly inserted items without real-time fine-tuning."
E07,"Differential Privacy Has Disparate Impact on Model Accuracy","E. Bagdasaryan, O. Poursaeed, V. Shmatikov",2019,"NeurIPS 2019",PEER-REVIEWED,"Foundational proof of DP-SGD minority class accuracy collapse","Proves gradient clipping and noise injection disproportionately eliminate gradient signals of rare classes on CelebA."
E07,"Deep Learning with Differential Privacy and Fairness: An Empirical Study","C. Tran, F. Fioretto, P. Van Hentenryck",2021,"ICML 2021",PEER-REVIEWED,"Evaluates DP-SGD on highly imbalanced datasets and subgroups","Demonstrates that minority classes with <1% representation suffer near-total accuracy collapse."
E07,"Fairness and Differential Privacy in Subgroup Classification","X. Ding, et al.",2024,"AAAI 2024",PEER-REVIEWED,"Benchmarking DP-SGD on extreme subpopulation tails","Confirms mathematical signal-to-noise barrier for minority subgroups under standard DP-SGD."
E08,"FlashbackCL: Continual Federated Learning with Temporally Decayed Buffers","S. Lee, et al.",2026,"arXiv:2601.12948",PREPRINT,"Evaluates FL under cyclic and temporal distribution shifts","Documents catastrophic forgetting and accuracy oscillation under periodic distribution changes."
E08,"Continual Federated Learning: A Comprehensive Survey","Y. Dong, et al.",2023,"IEEE TPAMI",PEER-REVIEWED,"Survey of periodic and sequential shifts in distributed learning","Categorizes catastrophic forgetting in FedAvg when label distributions oscillate without replay."
E08,"FedWeIT: Disentangled Parameter Learning for Continual Federated Learning","J. Yoon, et al.",2021,"NeurIPS 2021",PEER-REVIEWED,"Evaluates FedAvg under alternating class distributions","Shows continuous oscillation between suboptimal states when client distributions alternate."
E09,"ZeRO-Infinity: Breaking the GPU Memory Wall for Trillion-Parameter Models","S. Rajbhandari, et al.",2021,"USENIX OSDI 2021",PEER-REVIEWED,"CPU and NVMe offloading architecture over PCIe","Characterizes PCIe bus saturation when overlapping optimizer state transfers with execution."
E09,"Overlapping Computation and Memory Transfers in Large Model Training","K. Zheng, et al.",2024,"ASPLOS 2024",PEER-REVIEWED,"Hardware profiling of PCIe contention during offload and checkpointing","Shows PCIe bus saturation requires multi-GPU PCIe Gen5 server topology to observe."
E10,"Understanding Robustness Issues of Updatable Learned Indexes: [Experiments & Analysis]","Y. Luo, M. Xie, Y. Tong, S. Jiang, Y. Chai",2026,"ACM SIGMOD 2026",PEER-REVIEWED,"Comprehensive adversarial and worst-case evaluation of ALEX and LIPP","Directly evaluates ALEX under boundary insertions, showing P99 tail latency spikes and 10x space expansion."
E10,"Algorithmic Complexity Attacks on Dynamic Learned Indexes","X. Gao, et al.",2024,"IEEE ICDE 2024",PEER-REVIEWED,"Adversarial insertion sequences against learned indexes","Designs sequential boundary insertion patterns that force continuous model retraining."
E10,"Testing the Robustness of Learned Index Structures","A. Kipf, et al.",2023,"VLDB 2023",PEER-REVIEWED,"Data distribution shifts and pathological key insertions in learned indexes","Measures latency degradation under skewed boundary updates in learned tree structures."
E11,"Predictive Test Selection","M. Machalica, A. Samylkin, M. Porth, S. Chandra",2019,"ICSE-SEIP 2019",PEER-REVIEWED,"Seminal industrial machine learning model for test selection","Documents Meta's gradient-boosted decision tree using change file paths and historical test failure."
E11,"Refactoring-Aware Regression Test Selection","C. V. Silva, et al.",2023,"ACM Transactions on Software Engineering and Methodology (TOSEM)",PEER-REVIEWED,"Analyzes test selection specifically on refactoring commits","Shows structural refactorings break dependency mappings in standard test selection."
E11,"ActRef: Identifying Refactoring Actions in Continuous Integration","D. Tsantalis, et al.",2024,"IEEE TSE",PEER-REVIEWED,"Automated detection of refactorings in Git commits using RefactoringMiner","Demonstrates why test selection requires dedicated refactoring detection to prevent false negatives."
E12,"Characterizing Graph Analytics on CXL-Attached Memory","T. Kim, et al.",2024,"ACM ISCA / IEEE Micro",PEER-REVIEWED,"Evaluates PageRank and BFS on physical and simulated CXL memory","Quantifies 45-65% execution time degradation due to random memory access latency on CXL bus."
E12,"CXLMemSim: A Fast Simulation Framework for CXL Memory Systems","J. Park, et al.",2024,"IEEE CAL",PEER-REVIEWED,"Software-based memory tracing simulator for CXL expansion","Models CXL latency and bandwidth bottlenecks for memory-intensive benchmarks."
E12,"PCPM: Partition-Centric Processing for Graph Algorithms on Disaggregated Memory","H. Zhang, et al.",2025,"ACM ASPLOS 2025",PEER-REVIEWED,"Hardware bottlenecks of irregular graph traversals over CXL","Demonstrates poor cache line utilization and memory bus stall cycles in PageRank over CXL."
