candidate_id,prior_art_status,scientific_question_quality,experimental_validity,dataset_validity,baseline_availability,student_feasibility,reproducibility,potential_contribution,main_novelty_threat,main_methodological_threat,evidence_quality,recommended_next_action
E01,LIKELY_CLOSED,High,High,High,High,High,High,Low,"PAM 2024 Best Paper (Zeynali et al.) evaluated BBRv3 vs Cubic on shallow buffers and RTT unfairness.","Replication of established empirical findings without uncovering novel congestion collapse dynamics.",High,"REJECT (Replication of PAM 2024)"
E02,NEEDS_REFORMULATION,Medium,Medium,Low,High,High,High,Medium,"Quantization drift under out-of-distribution vectors is mathematically expected and foundational to Online PQ.","SQuAD-to-MSMARCO is an arbitrary cross-domain shift rather than a controlled temporal concept drift.",High,"REFORMULATE (Replace dataset with continuous temporal corpus and test drift detection metric)"
E03,LIKELY_CLOSED,Medium,Low,Medium,High,High,Medium,Low,"Resource exhaustion fuzzing (SlowFuzz, REDOSPECTOR) and allocator state exploitation (ArcHeap) already established.","AFL++ tracks branch coverage which is decoupled from heap fragmentation; size-class binning bounds fragmentation.",High,"REJECT (Fuzzer objective mismatch and bounded allocator behavior)"
E04,CLEARLY_CLOSED,Low,High,High,High,High,High,Very Low,"Packet padding and timing jitter are standard baseline evaluation conditions in traffic analysis since 2012.","Testing whether an un-augmented model breaks under basic perturbation tests a universally recognized vulnerability.",High,"REJECT (Universally established baseline result)"
E05,NEEDS_REFORMULATION,High,Low,Medium,Medium,Low,Low,High,"Serverless DB tail latency under cold fetch and cache invalidation is actively studied in VLDB 2023-2024 (Neon, Gopher).","Localhost loopback eliminates network RTT, reducing measured P99 to OS context switching rather than storage disaggregation.",Medium,"REFORMULATE (Requires cloud emulator with synthetic network injection or cloud credits)"
E06,CLEARLY_CLOSED,Low,High,High,High,High,High,Very Low,"Popularity bias and cold-start suppression in dual-encoder two-tower models is textbook knowledge (SIGIR/RecSys 2023-2025).","Proving that untreated dual towers rank cold items poorly observes the core problem that existing mitigation papers solve.",High,"REJECT (Textbook baseline behavior)"
E07,CLEARLY_CLOSED,Low,High,High,High,High,High,Very Low,"Alternating/cyclic distribution shifts without replay causing oscillation is textbook catastrophic forgetting in continual learning.","Re-demonstrating that FedAvg forgets past distributions when labels oscillate adds zero mechanistic novelty.",High,"REJECT (Observes known catastrophic forgetting)"
E08,STUDENT_INFEASIBLE,High,High,High,High,Infeasible,Low,High,"Overlapping PCIe transfers and checkpointing profiled in ASPLOS 2024 and ZeRO-Infinity OSDI 2021.","Requires multi-GPU enterprise server with high-throughput PCIe fabric; cannot be run on student resources.",High,"REJECT (Student-infeasible hardware)"
E09,CLEARLY_CLOSED,Low,High,High,High,High,High,Very Low,"Disparate impact and accuracy collapse of DP-SGD on rare minority classes was proven on CelebA by Bagdasaryan et al. (NeurIPS 2019).","Signal-to-noise ratio for <0.1% classes is mathematically bounded to near zero by DP Gaussian mechanism formula.",High,"REJECT (Foundational paper already proved the exact claim on CelebA)"
E10,CLEARLY_CLOSED,High,High,High,High,High,High,Low,"Luo et al., ACM SIGMOD 2026 directly benchmarked ALEX worst-case and boundary insertions, measuring P99 latency and 10x space bloat.","The proposed empirical experiment is an exact duplicate of the experimental design in SIGMOD 2026.",High,"REJECT (Published by Luo et al., SIGMOD 2026)"
E11,NEEDS_REFORMULATION,High,Low,Invalid,High,High,Medium,High,"Refactoring-aware RTS exists (TOSEM 2023), but ML-based PTS false negative breakdown on refactoring commits is unmeasured.","Defects4J does not contain continuous CI commit streams or feature-vs-refactoring historical commit histories.",High,"REFORMULATE (Replace Defects4J with TravisTorrent or mined GitHub Actions commit logs using RefactoringMiner)"
E12,STUDENT_INFEASIBLE,Medium,Low,High,Medium,Infeasible,Low,Low,"CXL random-access degradation on PageRank is thoroughly characterized in ISCA 2024, CXLMemSim 2024, and ASPLOS 2025.","Physical CXL hardware is enterprise-only; gem5 cycle-accurate simulation requires prohibitive student compute time.",High,"REJECT (Student-infeasible hardware and saturated prior art)"
