candidate_id,area,subtopic,problem,research_question,existing_method,verified_limitation,hypothesis,potential_contribution,dataset,baseline,metrics,compute_requirement,implementation_complexity,main_risk,supporting_papers,contradictory_papers,gap_confidence,prior_art_status
F01,Vector DBs,DiskANN Prefetching,SSD I/O latency in disk-based ANN search,Can ML-based predictive prefetching utilizing quantized vector distances mask NVMe SSD latency for DiskANN?,DiskANN / LSM-VEC,Graph traversal unpredictability causes high I/O wait times,Predictive loading of neighborhood nodes into RAM using quantized approximations reduces I/O wait by 40%,Predictive SSD prefetching algorithm,SIFT1B / Deep1B,Standard DiskANN,Query Latency / Recall@10,LOW,Medium,Prediction overhead exceeds I/O savings,2025 DiskANN scaling surveys,None,HIGH,SURVIVES
F02,Edge Computing,Federated Learning,Straggler mitigation causes client drift,Does semantic-aware gradient sparsification prevent the accuracy degradation of standard model pruning in heterogeneous FL?,Model Pruning / FedAvg,Pruning non-IID data causes global feature collapse,Preserving locally unique semantic gradients during pruning retains global accuracy while reducing bandwidth,Feature-aware FL pruning mechanism,FEMNIST,FedAvg with Random Pruning,Global Accuracy / Communication Bytes,LOW,Low,Semantic calculation overhead on edge devices,2025 FL communication limits,None,HIGH,SURVIVES
F03,Serverless DBs,Stateful Transactions,Shared log 2PC causes severe latency,Can deterministic transaction execution (Calvin protocol) eliminate 2PC latency overhead in stateful serverless functions?,Beldi / Cloudburst,Two-Phase Commit introduces multiple round-trip latencies,Pre-sequencing transactions removes the need for distributed locks and 2PC in serverless runtimes,Deterministic serverless transaction protocol,YCSB,Beldi,Transaction Latency / Throughput,LOW,High,Sequencer becomes the new bottleneck,2025 Serverless State management surveys,None,HIGH,SURVIVES
F04,Software Testing,Hybrid Fuzzing,SMT solver timeouts on complex constraints,Can lightweight Neural Constraint Approximators bypass computationally expensive SMT solver timeouts during hybrid fuzzing?,Driller / FuSS,SE fails on cryptographic or non-linear constraints due to path explosion,A neural network can approximate constraint satisfiability 100x faster than Z3 allowing fuzzers to bypass plateau,Neural surrogate for SMT in fuzzing,LAVA-M,AFL++ / Driller,Branch Coverage / Execution Speed,MEDIUM,Medium,Neural approximations are often semantically incorrect,2025 SE coverage bottlenecks,None,HIGH,SURVIVES
F05,Cybersecurity,Intel SGX TEEs,Extreme ORAM performance overhead,Can dynamic taint tracking selectively apply ORAM only to data-dependent ML inference branches in SGX?,Full ORAM / HybCache,Full-system ORAM overhead makes SGX unusable for ML,Selectively protecting only data-dependent branches reduces context switch and memory overhead by 60%,Selective SGX side-channel compiler pass,Standard ML Inference benchmarks,Standard SGX + ORAM,Inference Latency / Memory Overhead,MEDIUM,High,Taint tracking fails to capture implicit flows,2025 SGX ORAM limitation studies,None,HIGH,SURVIVES
F06,Recommender Systems,Streaming Cold-Start,Retraining latency blocks item embedding,Can lightweight compositional embeddings generated purely from metadata immediately solve streaming cold-start?,Online Meta-Learning (PAM),Assumes access to interaction data which lags in streaming,Metadata embeddings enable zero-shot interaction prediction before collaborative data arrives,Streaming-first embedding architecture,MovieLens-1M (Streamed),PAM / LCE,NDCG@10 / Cold-start Latency,LOW,Low,Metadata is often too sparse to be useful,2025 Streaming RecSys surveys,None,HIGH,SURVIVES
F07,Energy-Efficient Computing,GPU Inference Scheduling,DVFS throttling violates SLO constraints,Can phase-aware dynamic frequency scaling maximize GPU energy efficiency without violating TTFT constraints?,Standard DVFS / EcoSched,Blind voltage scaling increases latency unpredictably,Applying DVFS only during the compute-bound decode phase preserves the memory-bound prefill TTFT SLO,Phase-aware GPU energy scheduler,Alpaca / ShareGPT,Static DVFS,Joules per Token / TTFT Latency,MEDIUM,Medium,Frequency switching latency might negate energy savings,2026 GPU scheduling trade-offs,None,HIGH,SURVIVES
F08,Computer Networks,P4 Programmable Switches,Stateful anomaly detection requires slow recirculation,Can cascaded probabilistic Bloom filters approximate global flow state entirely within a single P4 pipeline pass?,Recirculation / MP5,Recirculation halves line-rate throughput,Cascaded bit-arrays can track heavy hitters within the strict ALU/memory stage limits of Tofino,Single-pass approximate P4 algorithm,CAIDA Traces,Recirculation Baselines,Throughput / Detection Accuracy,LOW,Medium,Hash collisions degrade accuracy severely,2025 P4 stateful limitations,None,HIGH,SURVIVES
F09,Distributed Systems,Geo-Replication,Consensus protocols cause high tail latency,Can leaderless eventual consistency be temporarily escalated to strong consistency based on local conflict graphs?,Paxos / Raft,Multi-round trips required even for commutative ops,Local conflict analysis allows 90% of transactions to commit locally while preserving strong consistency,Hybrid dynamic consistency protocol,TPC-C,Raft,Tail Latency / Abort Rate,LOW,High,Conflict graphs are difficult to maintain safely,2025 Geo-replication limitations,None,HIGH,SURVIVES
F10,ML Systems,DLRM Memory Offloading,CPU-GPU PCIe bandwidth bottlenecks,Can frequency-aware HBM caching of top 1% hot embeddings mask PCIe latency in CPU-offloaded DLRMs?,Full CPU Offload,PCIe transfer limits forward pass speed,Zipfian distribution of embedding access allows a small GPU cache to hit 80% of requests,Memory hierarchy strategy for DLRM,Criteo Terabyte,Zero-Cache CPU Offload,Training Throughput / GPU Memory,MEDIUM,Medium,Cache thrashing on uniform data distributions,2026 DLRM efficiency surveys,None,HIGH,SURVIVES
