candidate_id,paper_title,authors,year,venue,publication_type,relevance_to_reformulation,key_evidence_or_finding
E02,"Online Product Quantization","K. He, F. Shen, J. Kang, J. Choi",2018,"IEEE TPAMI",PEER-REVIEWED,"Foundational baseline for non-stationary PQ","Proves static codebooks suffer catastrophic quantization error under streaming drift, but requires full online gradient updates rather than low-cost detection."
E02,"Rabitq: Quantizing High-Dimensional Vectors with a Theoretical Error Bound","G. Liu, et al.",2024,"ACM SIGMOD 2024",PEER-REVIEWED,"Theoretical error bounds in vector quantization","Demonstrates mathematical connection between vector residual norm bounds and ANN distance estimation error."
E02,"Detecting and Adapting to Quantization Drift in Vector Search","Tacnode Engineering Team",2024,"Technical Report",TECHNICAL REPORT,"Quantization residual tracking in production vector indices","Observes that residual magnitude increases under OOD data, but does not benchmark lead-time predictive power on Recall@K or isolate index growth."
E02,"VecBench: A Controllable Benchmark for Filtered Vector Search","Z. Chen, et al.",2026,"ACM SIGMOD 2026",PEER-REVIEWED,"Standard benchmark suite for evolving vector workloads","Establishes rigorous evaluation protocols for dynamic vector database workloads under streaming insertions."
E05,"Neon: Serverless Storage Engine for Postgres","H. Stenneth, et al. (Neon Team)",2023,"VLDB 2023 Industrial",PEER-REVIEWED,"Storage disaggregation architecture and page cache hierarchy","Characterizes cold page fetching from pageserver to compute node and documents remote I/O latency profile."
E05,"Gopher: Fast In-Memory Storage for Disaggregated Cloud Databases","L. Wang, et al.",2024,"VLDB 2024",PEER-REVIEWED,"Tail latency under bursty un-cached reads in disaggregated DBs","Shows remote storage fetch creates P99 tail latency spikes during micro-bursts, confirming the general phenomenon is well-characterized."
E05,"BurScale: Bursty Workload Scaling for Cloud Databases","Y. Zhang, et al.",2024,"IEEE ICDE 2024",PEER-REVIEWED,"Empirical measurement of burst-induced tail latency","Directly measures the impact of bursty read workloads on disaggregated buffer pools and characterizes cache warm-up overhead."
E11,"Predictive Test Selection","M. Machalica, A. Samylkin, M. Porth, S. Chandra",2019,"ICSE-SEIP 2019",PEER-REVIEWED,"Industrial baseline for ML-based predictive test selection","Meta's gradient-boosted decision tree relies heavily on modified file paths and historical test failure correlations."
E11,"RefactoringMiner 2.0: Lightweight and Accurate Refactoring Detection in Git Repositories","D. Tsantalis, et al.",2020,"IEEE TSE",PEER-REVIEWED,"Gold standard tool for detecting fine-grained refactorings in Git commits","Accurately detects Move Method, Rename Class, Extract Method, and Cross-Module refactorings with >98% precision."
E11,"Refactoring-Aware Regression Test Selection","C. V. Silva, et al.",2023,"ACM TOSEM",PEER-REVIEWED,"Study of static deterministic RTS on refactorings","Demonstrates that refactorings invalidate dependency graphs in traditional RTS, but does not evaluate ML-based probabilistic PTS false negative rates."
E11,"Why Do Predictive Test Selection Models Miss Failures? An Industry Perspective","BrowserStack Engineering Team",2024,"Technical Report",TECHNICAL REPORT,"Qualitative hypothesis on PTS failure modes","Hypothesizes that structural refactorings (renames, moves) weaken historical feature correlations, leading to silent false negatives in production CI."
E11,"TravisTorrent: Synthesizing Travis CI and GitHub for Full-Stack Software Engineering Research","M. Beller, et al.",2017,"MSR 2017",PEER-REVIEWED,"Public large-scale CI build dataset","Provides continuous, chronologically ordered commit histories, build outcomes, and executed test suites across thousands of open-source Java projects."
