Project,Total_Commits,Parsed_Builds
adamfisk_LittleProxy,437,338
apache_drill,557,263
aws_aws-sdk-java,267,227
azagniotov_stubby4j,1070,731
brettwooldridge_HikariCP,495,327
caelum_vraptor4,1915,1443
checkstyle_checkstyle,1684,1406
CloudifySource_cloudify,7512,4810
davidmoten_rxjava-jdbc,216,209
dianping_cat,1235,779
doanduyhai_Achilles,457,321
dropwizard_dropwizard,1754,1336
dropwizard_metrics,506,433
DSpace_DSpace,2195,1630
dynjs_dynjs,435,331
FasterXML_jackson-core,511,441
FasterXML_jackson-databind,1196,1046
Findwise_Hydra,353,215
geoserver_geoserver,2564,2183
GlowstoneMC_Glowstone,709,227
go-lang-plugin-org_go-lang-idea-plugin,1151,801
GoClipse_goclipse,638,288
GoogleCloudPlatform_DataflowJavaSDK,1475,416
google_error-prone,750,220
google_truth,464,214
graphhopper_graphhopper,2034,1291
Graylog2_graylog2-server,3037,2110
HubSpot_jinjava,307,271
igniterealtime_Openfire,923,831
iipc_openwayback,360,245
iluwatar_java-design-patterns,1148,851
jamesagnew_hapi-fhir,803,613
jayway_JsonPath,343,286
jberkel_sms-backup-plus,446,261
jcabi_jcabi-aspects,555,471
jcabi_jcabi-github,910,694
jcabi_jcabi-http,523,401
jmxtrans_jmxtrans,576,466
joelittlejohn_jsonschema2pojo,391,355
johncarl81_parceler,364,305
jOOQ_jOOQ,1397,1200
jsonld-java_jsonld-java,370,227
jsprit_jsprit,251,216
jtwig_jtwig,268,264
julianhyde_optiq,767,513
KronicDeth_intellij-elixir,399,201
l0rdn1kk0n_wicket-bootstrap,823,623
lemire_RoaringBitmap,316,256
lenskit_lenskit,1584,619
maxcom_lorsource,2107,1700
mybatis_mybatis-3,1762,613
myui_hivemall,383,247
naver_pinpoint,1316,1258
neuland_jade4j,298,264
nutzam_nutz,1221,1124
ocpsoft_rewrite,273,212
OpenGrok_OpenGrok,397,328
orbeon_orbeon-forms,4648,2164
owlcs_owlapi,412,291
p6spy_p6spy,459,389
perwendel_spark,405,340
protostuff_protostuff,276,212
psi-probe_psi-probe,794,268
qos-ch_logback,242,213
rackerlabs_blueflood,1471,901
rails_rails,17717,14115
recruit-tech_redpen,651,544
relayrides_pushy,561,462
rspec_rspec-core,3092,1864
rspec_rspec-expectations,1253,882
rspec_rspec-mocks,1601,1099
sachin-handiekar_jInstagram,257,237
scobal_seyren,344,298
searchbox-io_Jest,575,449
selendroid_selendroid,647,543
simpligility_android-maven-plugin,557,482
SoftInstigate_restheart,387,224
SomMeri_less4j,890,743
SonarSource_sonarqube,5615,3163
spring-cloud_spring-cloud-config,452,332
springside_springside4,319,233
square_dagger,471,408
square_keywhiz,431,333
square_okhttp,1557,1518
square_picasso,333,320
square_retrofit,955,875
square_wire,700,678
tananaev_traccar,1833,1726
teamed_qulice,861,620
thinkaurelius_titan,383,241
threerings_playn,775,304
tinkerpop_blueprints,589,461
tinkerpop_rexster,445,377
torakiki_pdfsam,584,404
twilio_twilio-java,352,257
undera_jmeter-plugins,859,499
weld_core,2708,614
xetorthio_jedis,559,479
yegor256_rultor,1618,1364
zxing_zxing,2092,395
